{"epoch": 7, "train loss": 2.1902340820857455, "val loss": 2.536627769470215, "_timestamp": 1679252556.8353353, "_runtime": 129.90814113616943, "_step": 6, "_wandb": {"runtime": 145}}